qini,baseline,share_users
0.0,0.0,0.0
8.0,2.070734,0.0005
17.0,4.141469,0.001
25.0,6.212203,0.001499
29.333326,8.282938,0.001999
42.333324,10.353672,0.002499
51.333324,12.424407,0.002999
60.666653,14.495141,0.003498
69.66665,16.565876,0.003998
74.99998,18.63661,0.004498
85.99998,20.707344,0.004998
89.99998,22.778078,0.005498
92.333305,24.848814,0.005997
95.66663,26.919548,0.006497
103.66663,28.990282,0.006997
109.66663,31.061016,0.007497
120.66663,33.131752,0.007996
121.999954,35.202484,0.008496
126.999954,37.27322,0.008996
127.33328,39.343956,0.009496
128.66661,41.41469,0.009996
138.66661,43.485424,0.010495
133.33325,45.556156,0.010995
145.33325,47.626892,0.011495
156.33325,49.697628,0.011995
164.33325,51.76836,0.012494
173.33325,53.839096,0.012994
181.33325,55.909832,0.013494
187.33325,57.980564,0.013994
198.33325,60.0513,0.014494
209.33325,62.122032,0.014993
212.33325,64.192764,0.015493
219.33325,66.263504,0.015993
221.66658,68.334236,0.016493
228.66658,70.40497,0.016992
237.66658,72.47571,0.017492
237.99991,74.54644,0.017992
244.99991,76.61717,0.018492
251.99991,78.68791,0.018991
255.33324,80.758644,0.019491
255.66656,82.82938,0.019991
265.66656,84.900116,0.020491
269.99988,86.97085,0.020991
274.33322,89.04158,0.02149
272.66653,91.11231,0.02199
274.99988,93.18305,0.02249
269.6665,95.253784,0.02299
271.99985,97.32452,0.023489
269.33316,99.395256,0.023989
276.33316,101.46599,0.024489
284.33316,103.53672,0.024989
293.33316,105.60746,0.025489
301.33316,107.67819,0.025988
304.33316,109.748924,0.026488
304.6665,111.819664,0.026988
300.99982,113.890396,0.027488
301.33316,115.96113,0.027987
307.33316,118.03186,0.028487
314.33316,120.1026,0.028987
321.33316,122.17333,0.029487
311.33313,124.244064,0.029987
316.33313,126.314804,0.030486
316.66644,128.38554,0.030986
311.3331,130.45627,0.031486
315.3331,132.52701,0.031986
324.3331,134.59773,0.032485
327.3331,136.66847,0.032985
340.3331,138.73921,0.033485
349.3331,140.80994,0.033985
352.3331,142.88068,0.034485
359.3331,144.95142,0.034984
368.3331,147.02214,0.035484
378.3331,149.09288,0.035984
383.3331,151.16362,0.036484
390.3331,153.23434,0.036983
394.3331,155.30508,0.037483
400.3331,157.37582,0.037983
406.3331,159.44655,0.038483
409.66644,161.51729,0.038983
409.99976,163.58803,0.039482
416.99976,165.65875,0.039982
417.33307,167.72949,0.040482
410.99973,169.80023,0.040982
418.99973,171.87096,0.041481
425.99973,173.9417,0.041981
434.99973,176.01244,0.042481
425.99973,178.08316,0.042981
430.33304,180.1539,0.043481
440.33304,182.22464,0.04398
443.66635,184.29536,0.04448
444.9997,186.3661,0.04498
446.9997,188.43683,0.04548
449.333,190.50757,0.045979
458.333,192.57831,0.046479
458.66635,194.64903,0.046979
464.66635,196.71977,0.047479
464.99966,198.79051,0.047979
474.99966,200.86124,0.048478
482.99966,202.93198,0.048978
490.99966,205.00272,0.049478
494.33298,207.07344,0.049978
493.66632,209.14418,0.050477
499.66632,211.21492,0.050977
496.33298,213.28564,0.051477
502.33298,215.35638,0.051977
509.33298,217.42712,0.052476
513.33295,219.49785,0.052976
520.6663,221.56859,0.053476
530.99963,223.63933,0.053976
532.33295,225.71005,0.054476
530.66626,227.78079,0.054975
530.9996,229.85153,0.055475
531.33295,231.92226,0.055975
537.33295,233.993,0.056475
535.66626,236.06374,0.056974
544.66626,238.13446,0.057474
558.66626,240.2052,0.057974
564.9996,242.27592,0.058474
571.9996,244.34666,0.058974
578.9996,246.4174,0.059473
580.3329,248.48813,0.059973
585.3329,250.55887,0.060473
592.3329,252.62961,0.060973
591.6662,254.70033,0.061472
596.6662,256.7711,0.061972
602.6662,258.8418,0.062472
603.9996,260.91254,0.062972
606.9996,262.98328,0.063472
612.9996,265.05402,0.063971
616.9996,267.12476,0.064471
609.6662,269.19547,0.064971
609.9995,271.2662,0.065471
612.9995,273.33694,0.06597
617.9995,275.40768,0.06647
624.9995,277.47842,0.06697
633.9995,279.54916,0.06747
648.9995,281.61987,0.06797
643.6662,283.6906,0.068469
651.6662,285.76135,0.068969
655.6662,287.8321,0.069469
657.9995,289.90283,0.069969
662.9995,291.97357,0.070468
669.9995,294.04428,0.070968
668.3328,296.11502,0.071468
672.3328,298.18576,0.071968
673.9995,300.2565,0.072468
684.9995,302.32724,0.072967
690.9995,304.39798,0.073467
692.3328,306.4687,0.073967
694.66614,308.53943,0.074467
694.99945,310.61017,0.074966
701.99945,312.6809,0.075466
701.33276,314.75165,0.075966
706.33276,316.8224,0.076466
712.33276,318.8931,0.076966
711.66614,320.96384,0.077465
712.99945,323.03458,0.077965
706.6661,325.10532,0.078465
709.6661,327.17606,0.078965
713.6661,329.24677,0.079464
699.6661,331.3175,0.079964
701.9994,333.38824,0.080464
713.9994,335.45898,0.080964
723.9994,337.52972,0.081464
726.3327,339.60046,0.081963
730.3327,341.67117,0.082463
733.6661,343.7419,0.082963
730.9994,345.81265,0.083463
730.3327,347.8834,0.083962
728.666,349.95413,0.084462
738.666,352.02487,0.084962
745.666,354.09558,0.085462
742.9993,356.16632,0.085961
743.3327,358.23706,0.086461
750.3327,360.3078,0.086961
754.3327,362.37854,0.087461
754.9993,364.44928,0.087961
748.9993,366.52,0.08846
734.99927,368.59073,0.08896
737.33264,370.66147,0.08946
736.66595,372.7322,0.08996
737.99927,374.80295,0.090459
739.3326,376.87366,0.090959
747.3326,378.9444,0.091459
745.99927,381.01514,0.091959
749.3326,383.08588,0.092459
752.3326,385.15662,0.092958
749.9992,387.22736,0.093458
754.3325,389.29807,0.093958
760.3325,391.3688,0.094458
759.6659,393.43954,0.094957
768.6659,395.51028,0.095457
774.6659,397.58102,0.095957
773.9992,399.65176,0.096457
779.9992,401.72247,0.096957
772.66583,403.7932,0.097456
764.66583,405.86395,0.097956
769.66583,407.9347,0.098456
778.66583,410.00543,0.098956
778.99915,412.07617,0.099455
784.33246,414.14688,0.099955
789.33246,416.21762,0.100455
794.33246,418.28836,0.100955
789.66583,420.3591,0.101455
793.66583,422.42984,0.101954
790.99915,424.50058,0.102454
795.99915,426.5713,0.102954
802.99915,428.64203,0.103454
805.33246,430.71277,0.103953
802.6658,432.7835,0.104453
806.6658,434.85425,0.104953
814.6658,436.92496,0.105453
821.6658,438.9957,0.105953
819.33246,441.06644,0.106452
827.33246,443.13718,0.106952
834.33246,445.20792,0.107452
843.33246,447.27866,0.107952
843.6658,449.34937,0.108451
847.6658,451.4201,0.108951
855.6658,453.49084,0.109451
858.9991,455.56158,0.109951
862.9991,457.63232,0.110451
865.9991,459.70306,0.11095
867.9991,461.77377,0.11145
878.9991,463.8445,0.11195
883.9991,465.91525,0.11245
886.3324,467.986,0.112949
891.3324,470.05673,0.113449
896.3324,472.12747,0.113949
883.3324,474.19818,0.114449
888.3324,476.26892,0.114949
896.3324,478.33966,0.115448
893.999,480.4104,0.115948
897.999,482.48114,0.116448
897.3324,484.55188,0.116948
907.3324,486.6226,0.117447
901.999,488.69333,0.117947
910.999,490.76407,0.118447
910.33234,492.8348,0.118947
915.33234,494.90555,0.119446
919.33234,496.97626,0.119946
917.66565,499.047,0.120446
926.66565,501.11774,0.120946
934.66565,503.18848,0.121446
934.999,505.25922,0.121945
932.33234,507.32996,0.122445
939.33234,509.40067,0.122945
935.66565,511.4714,0.123445
941.66565,513.5422,0.123944
949.66565,515.61285,0.124444
954.66565,517.6836,0.124944
960.66565,519.75433,0.125444
966.66565,521.8251,0.125944
970.99896,523.8958,0.126443
972.99896,525.96655,0.126943
975.99896,528.0373,0.127443
980.99896,530.10803,0.127943
989.99896,532.1788,0.128442
992.3323,534.2495,0.128942
1000.3323,536.32025,0.129442
1009.3323,538.391,0.129942
1010.66565,540.4617,0.130442
1016.66565,542.5324,0.130941
1022.66565,544.60315,0.131441
1021.99896,546.6739,0.131941
1029.9989,548.7446,0.132441
1035.9989,550.81537,0.13294
1038.9989,552.8861,0.13344
1046.9989,554.95685,0.13394
1051.9989,557.0276,0.13444
1055.9989,559.0983,0.13494
1054.3323,561.16907,0.135439
1055.6656,563.23975,0.135939
1063.6656,565.3105,0.136439
1061.9989,567.3812,0.136939
1067.9989,569.45197,0.137438
1070.9989,571.5227,0.137938
1072.3323,573.59344,0.138438
1076.3323,575.6642,0.138938
1082.3323,577.7349,0.139438
1089.3323,579.80566,0.139937
1092.3323,581.8764,0.140437
1096.3323,583.94714,0.140937
1099.3323,586.0179,0.141437
1109.3323,588.08856,0.141936
1106.6655,590.1593,0.142436
1110.6655,592.23004,0.142936
1114.6655,594.3008,0.143436
1118.6655,596.3715,0.143936
1126.9989,598.44226,0.144435
1126.3323,600.513,0.144935
1133.3323,602.58374,0.145435
1132.6655,604.6545,0.145935
1137.6655,606.7252,0.146434
1141.6655,608.79596,0.146934
1148.6655,610.86664,0.147434
1156.6655,612.9374,0.147934
1159.9989,615.0081,0.148434
1166.3322,617.07886,0.148933
1165.6655,619.1496,0.149433
1171.9989,621.22034,0.149933
1181.9989,623.2911,0.150433
1189.9989,625.3618,0.150932
1194.9989,627.43256,0.151432
1197.9989,629.5033,0.151932
1195.3322,631.57404,0.152432
1204.3322,633.6448,0.152931
1211.3322,635.71545,0.153431
1211.6655,637.7862,0.153931
1213.6655,639.85693,0.154431
1212.9989,641.9277,0.154931
1218.9989,643.9984,0.15543
1227.9989,646.06915,0.15593
1230.9989,648.1399,0.15643
1235.3322,650.21063,0.15693
1247.3322,652.2814,0.157429
1255.3322,654.3521,0.157929
1261.3322,656.42285,0.158429
1261.6655,658.4935,0.158929
1265.6655,660.5643,0.159429
1281.6655,662.635,0.159928
1292.6655,664.70575,0.160428
1299.6655,666.7765,0.160928
1305.6655,668.8472,0.161428
1301.3322,670.91797,0.161927
1310.3322,672.9887,0.162427
1316.3322,675.05945,0.162927
1317.6655,677.1302,0.163427
1312.9988,679.2009,0.163927
1319.9988,681.27167,0.164426
1327.9988,683.34235,0.164926
1335.9988,685.4131,0.165426
1343.9988,687.4838,0.165926
1356.9988,689.55457,0.166425
1363.9988,691.6253,0.166925
1363.3322,693.69604,0.167425
1364.3322,695.7668,0.167925
1358.9988,697.8375,0.168425
1365.9988,699.90826,0.168924
1368.9988,701.979,0.169424
1363.6654,704.04974,0.169924
1369.6654,706.1204,0.170424
1373.6654,708.19116,0.170923
1384.6654,710.2619,0.171423
1394.6654,712.33264,0.171923
1394.9988,714.4034,0.172423
1401.9988,716.4741,0.172923
1407.9988,718.54486,0.173422
1408.9988,720.6156,0.173922
1416.9988,722.68634,0.174422
1418.332,724.7571,0.174922
1425.332,726.8278,0.175421
1435.332,728.89856,0.175921
1435.9988,730.96924,0.176421
1438.332,733.04,0.176921
1443.332,735.1107,0.177421
1449.332,737.18146,0.17792
1451.6654,739.2522,0.17842
1457.6654,741.32294,0.17892
1454.332,743.3937,0.17942
1463.332,745.4644,0.179919
1459.9987,747.53516,0.180419
1465.9987,749.6059,0.180919
1469.332,751.67664,0.181419
1476.332,753.7474,0.181919
1485.332,755.81805,0.182418
1486.6653,757.8888,0.182918
1495.6653,759.95953,0.183418
1502.6653,762.0303,0.183918
1509.6653,764.101,0.184417
1509.9987,766.17175,0.184917
1516.332,768.2425,0.185417
1523.332,770.31323,0.185917
1520.6653,772.384,0.186416
1526.9987,774.4547,0.186916
1533.9987,776.52545,0.187416
1543.9987,778.5961,0.187916
1547.9987,780.6669,0.188416
1558.9987,782.7376,0.188915
1553.6653,784.80835,0.189415
1555.9987,786.8791,0.189915
1567.9987,788.9498,0.190415
1578.9987,791.02057,0.190914
1570.9987,793.0913,0.191414
1572.9987,795.16205,0.191914
1580.9987,797.2328,0.192414
1592.9987,799.3035,0.192914
1593.3319,801.37427,0.193413
1607.3319,803.44495,0.193913
1615.3319,805.5157,0.194413
1623.3319,807.5864,0.194913
1619.6653,809.65717,0.195412
1625.6653,811.7279,0.195912
1629.9985,813.79865,0.196412
1634.9985,815.8694,0.196912
1638.9985,817.9401,0.197412
1638.3319,820.01086,0.197911
1646.3319,822.0816,0.198411
1645.6653,824.15234,0.198911
1648.6653,826.223,0.199411
1657.6653,828.29376,0.19991
1662.6653,830.3645,0.20041
1674.6653,832.43524,0.20091
1676.9985,834.506,0.20141
1686.9985,836.5767,0.20191
1698.9985,838.64746,0.202409
1691.9985,840.7182,0.202909
1697.9985,842.78894,0.203409
1703.9985,844.8597,0.203909
1703.3319,846.9304,0.204408
1702.6652,849.00116,0.204908
1711.6652,851.07184,0.205408
1713.9985,853.1426,0.205908
1713.3318,855.2133,0.206408
1719.6652,857.28406,0.206907
1726.6652,859.3548,0.207407
1733.6652,861.42554,0.207907
1737.9985,863.4963,0.208407
1741.3318,865.567,0.208906
1742.6652,867.63776,0.209406
1750.9984,869.7085,0.209906
1756.3318,871.77924,0.210406
1760.3318,873.8499,0.210906
1761.6652,875.92065,0.211405
1770.6652,877.9914,0.211905
1776.9984,880.06213,0.212405
1778.665,882.1329,0.212905
1781.9984,884.2036,0.213404
1790.3318,886.27435,0.213904
1801.3318,888.3451,0.214404
1800.665,890.41583,0.214904
1802.3317,892.4866,0.215404
1808.665,894.5573,0.215903
1818.665,896.62805,0.216403
1806.9984,898.6987,0.216903
1816.9984,900.7695,0.217403
1824.9984,902.8402,0.217902
1829.3317,904.91095,0.218402
1839.665,906.9817,0.218902
1843.9983,909.0524,0.219402
1853.9983,911.12317,0.219901
1851.665,913.1939,0.220401
1864.9983,915.26465,0.220901
1873.3317,917.3354,0.221401
1877.6649,919.4061,0.221901
1873.6649,921.4768,0.2224
1889.9983,923.54755,0.2229
1890.3315,925.6183,0.2234
1889.9983,927.689,0.2239
1890.6649,929.75977,0.224399
1910.6649,931.8305,0.224899
1921.9982,933.90125,0.225399
1914.3315,935.972,0.225899
1917.6648,938.0427,0.226399
1914.6648,940.11346,0.226898
1905.6648,942.1842,0.227398
1908.3314,944.25494,0.227898
1927.6648,946.3256,0.228398
1926.6648,948.39636,0.228897
1932.998,950.4671,0.229397
1934.998,952.53784,0.229897
1941.998,954.6086,0.230397
1955.6647,956.6793,0.230897
1954.6646,958.75006,0.231396
1970.3313,960.8208,0.231896
1974.6646,962.89154,0.232396
1989.3312,964.9623,0.232896
1987.9979,967.033,0.233395
2009.6646,969.1037,0.233895
2014.6646,971.17444,0.234395
2004.3312,973.2452,0.234895
2009.331,975.3159,0.235395
2001.331,977.38666,0.235894
2030.6643,979.4574,0.236394
2066.331,981.52814,0.236894
2078.9976,983.5989,0.237394
2091.3308,985.6696,0.237893
2109.9973,987.74036,0.238393
2190.3303,989.8111,0.238893
2222.9968,991.88184,0.239393
2305.9966,993.9525,0.239893
2317.3298,996.02325,0.240392
2347.663,998.094,0.240892
2350.3296,1000.16473,0.241392
2371.3296,1002.2355,0.241892
2368.6628,1004.3062,0.242391
2365.6628,1006.37695,0.242891
2375.6628,1008.4477,0.243391
2392.3293,1010.51843,0.243891
2396.996,1012.5892,0.244391
2410.6626,1014.6599,0.24489
2421.996,1016.73065,0.24539
2420.6626,1018.80133,0.24589
2438.3293,1020.8721,0.24639
2438.9958,1022.9428,0.246889
2442.329,1025.0135,0.247389
2425.9958,1027.0844,0.247889
2433.9958,1029.155,0.248389
2449.6624,1031.2257,0.248888
2456.9958,1033.2965,0.249388
2455.9958,1035.3672,0.249888
2477.9958,1037.438,0.250388
2482.329,1039.5087,0.250888
2485.9958,1041.5795,0.251387
2473.6624,1043.6501,0.251887
2455.6624,1045.721,0.252387
2454.6624,1047.7916,0.252887
2458.9956,1049.8624,0.253386
2447.3289,1051.9331,0.253886
2452.6624,1054.0038,0.254386
2451.9956,1056.0746,0.254886
2461.9956,1058.1453,0.255386
2473.3289,1060.2161,0.255885
2467.9956,1062.2867,0.256385
2469.662,1064.3575,0.256885
2471.9956,1066.4282,0.257385
2472.3289,1068.499,0.257884
2467.662,1070.5697,0.258384
2473.662,1072.6405,0.258884
2489.662,1074.7112,0.259384
2494.9956,1076.7819,0.259884
2508.9956,1078.8527,0.260383
2520.3289,1080.9233,0.260883
2525.662,1082.9941,0.261383
2537.662,1085.0648,0.261883
2537.3289,1087.1356,0.262382
2533.9954,1089.2063,0.262882
2510.9954,1091.2771,0.263382
2526.9954,1093.3478,0.263882
2532.662,1095.4186,0.264382
2536.662,1097.4893,0.264881
2536.9954,1099.56,0.265381
2549.9954,1101.6307,0.265881
2557.9954,1103.7014,0.266381
2559.3289,1105.7722,0.26688
2560.662,1107.8429,0.26738
2553.3286,1109.9137,0.26788
2547.3286,1111.9844,0.26838
2546.662,1114.0552,0.26888
2547.662,1116.1259,0.269379
2548.9954,1118.1967,0.269879
2538.9954,1120.2673,0.270379
2538.6619,1122.3381,0.270879
2543.9954,1124.4088,0.271378
2541.3286,1126.4795,0.271878
2532.9954,1128.5503,0.272378
2530.3286,1130.621,0.272878
2540.3286,1132.6918,0.273378
2529.3286,1134.7625,0.273877
2529.6619,1136.8333,0.274377
2536.6619,1138.9039,0.274877
2546.6619,1140.9747,0.275377
2547.995,1143.0454,0.275876
2541.6619,1145.1162,0.276376
2550.6619,1147.1869,0.276876
2549.995,1149.2576,0.277376
2554.995,1151.3284,0.277876
2553.3286,1153.399,0.278375
2552.6619,1155.4698,0.278875
2563.6619,1157.5405,0.279375
2574.6619,1159.6113,0.279875
2572.995,1161.682,0.280374
2579.995,1163.7528,0.280874
2583.995,1165.8235,0.281374
2587.995,1167.8943,0.281874
2589.995,1169.965,0.282373
2582.6619,1172.0358,0.282873
2590.995,1174.1064,0.283373
2601.6619,1176.1771,0.283873
2605.3284,1178.2479,0.284373
2610.6619,1180.3186,0.284872
2615.995,1182.3894,0.285372
2615.3284,1184.4601,0.285872
2623.3284,1186.5309,0.286372
2622.6619,1188.6016,0.286871
2629.6619,1190.6724,0.287371
2624.995,1192.743,0.287871
2625.995,1194.8138,0.288371
2630.995,1196.8845,0.288871
2629.3284,1198.9552,0.28937
2632.3284,1201.026,0.28987
2636.3284,1203.0967,0.29037
2641.3284,1205.1675,0.29087
2647.3284,1207.2382,0.291369
2650.3284,1209.309,0.291869
2651.3284,1211.3796,0.292369
2653.3284,1213.4504,0.292869
2654.3284,1215.5211,0.293369
2651.6619,1217.5919,0.293868
2654.6619,1219.6626,0.294368
2654.6619,1221.7333,0.294868
2655.6619,1223.8041,0.295368
2655.6619,1225.8748,0.295867
2656.6619,1227.9456,0.296367
2657.6619,1230.0162,0.296867
2659.6619,1232.087,0.297367
2662.995,1234.1577,0.297867
2676.995,1236.2285,0.298366
2685.995,1238.2992,0.298866
2691.6616,1240.37,0.299366
2705.3284,1242.4407,0.299866
2714.6616,1244.5114,0.300365
2715.3284,1246.5822,0.300865
2726.3284,1248.6528,0.301365
2727.6616,1250.7236,0.301865
2729.995,1252.7943,0.302365
2737.995,1254.8651,0.302864
2738.995,1256.9358,0.303364
2736.3284,1259.0066,0.303864
2737.3284,1261.0773,0.304364
2737.3284,1263.1481,0.304863
2737.3284,1265.2188,0.305363
2737.3284,1267.2896,0.305863
2737.3284,1269.3602,0.306363
2739.3284,1271.4309,0.306863
2739.3284,1273.5017,0.307362
2740.3284,1275.5724,0.307862
2742.3284,1277.6432,0.308362
2742.3284,1279.7139,0.308862
2742.3284,1281.7847,0.309361
2738.6616,1283.8553,0.309861
2739.6616,1285.9261,0.310361
2739.6616,1287.9968,0.310861
2739.6616,1290.0676,0.311361
2739.6616,1292.1383,0.31186
2740.6616,1294.209,0.31236
2741.6616,1296.2798,0.31286
2741.6616,1298.3505,0.31336
2741.6616,1300.4213,0.313859
2741.6616,1302.492,0.314359
2731.9949,1304.5627,0.314859
2733.3284,1306.6334,0.315359
2726.9949,1308.7042,0.315858
2729.6616,1310.7749,0.316358
2718.6616,1312.8457,0.316858
2726.6616,1314.9164,0.317358
2731.6616,1316.987,0.317858
2732.9949,1319.0579,0.318357
2735.6616,1321.1285,0.318857
2738.9949,1323.1993,0.319357
2745.9949,1325.27,0.319857
2749.3281,1327.3408,0.320356
2749.6616,1329.4115,0.320856
2755.6616,1331.4823,0.321356
2749.9949,1333.553,0.321856
2751.9949,1335.6238,0.322356
2754.9949,1337.6945,0.322855
2756.9949,1339.7653,0.323355
2756.9949,1341.8359,0.323855
2758.9949,1343.9066,0.324355
2758.9949,1345.9774,0.324854
2760.9949,1348.0481,0.325354
2761.9949,1350.1189,0.325854
2762.9949,1352.1896,0.326354
2764.9949,1354.2604,0.326854
2767.9949,1356.331,0.327353
2750.9949,1358.4019,0.327853
2738.9949,1360.4725,0.328353
2740.9949,1362.5433,0.328853
2744.9949,1364.614,0.329352
2745.9949,1366.6847,0.329852
2747.9949,1368.7555,0.330352
2748.9949,1370.8262,0.330852
2744.3281,1372.897,0.331352
2744.3281,1374.9677,0.331851
2746.3281,1377.0385,0.332351
2749.3281,1379.1091,0.332851
2751.3281,1381.1799,0.333351
2753.3281,1383.2506,0.33385
2754.3281,1385.3214,0.33435
2749.6614,1387.3921,0.33485
2751.6614,1389.4628,0.33535
2747.9949,1391.5336,0.33585
2747.9949,1393.6042,0.336349
2747.9949,1395.675,0.336849
2742.3281,1397.7457,0.337349
2742.3281,1399.8165,0.337849
2741.6614,1401.8872,0.338348
2752.6614,1403.958,0.338848
2763.6614,1406.0287,0.339348
2756.3281,1408.0995,0.339848
2762.6614,1410.1702,0.340348
2761.3281,1412.2408,0.340847
2771.3281,1414.3116,0.341347
2770.6614,1416.3823,0.341847
2771.6614,1418.4531,0.342347
2773.6614,1420.5238,0.342846
2777.6614,1422.5946,0.343346
2780.6614,1424.6653,0.343846
2775.9946,1426.7361,0.344346
2778.9946,1428.8068,0.344846
2779.9946,1430.8776,0.345345
2776.3281,1432.9482,0.345845
2777.3281,1435.019,0.346345
2778.3281,1437.0897,0.346845
2779.3281,1439.1604,0.347344
2781.3281,1441.2312,0.347844
2783.3281,1443.3019,0.348344
2780.6614,1445.3727,0.348844
2784.6614,1447.4434,0.349343
2776.3281,1449.5142,0.349843
2771.6614,1451.5848,0.350343
2773.6614,1453.6556,0.350843
2777.6614,1455.7263,0.351343
2780.6614,1457.7971,0.351842
2780.6614,1459.8678,0.352342
2781.6614,1461.9385,0.352842
2783.6614,1464.0093,0.353342
2780.9946,1466.08,0.353841
2788.9946,1468.1508,0.354341
2788.9946,1470.2214,0.354841
2788.3281,1472.2922,0.355341
2788.3281,1474.3629,0.355841
2789.3281,1476.4337,0.35634
2784.6614,1478.5044,0.35684
2785.6614,1480.5752,0.35734
2788.6614,1482.6459,0.35784
2790.6614,1484.7166,0.358339
2791.6614,1486.7874,0.358839
2794.6614,1488.858,0.359339
2794.6614,1490.9288,0.359839
2790.9946,1492.9995,0.360339
2792.9946,1495.0703,0.360838
2793.9946,1497.141,0.361338
2795.9946,1499.2118,0.361838
2796.328,1501.2825,0.362338
2801.328,1503.3533,0.362837
2801.328,1505.424,0.363337
2799.6614,1507.4948,0.363837
2805.6614,1509.5654,0.364337
2809.6614,1511.6361,0.364837
2810.6614,1513.7069,0.365336
2804.9946,1515.7776,0.365836
2796.6614,1517.8484,0.366336
2796.6614,1519.9191,0.366836
2797.6614,1521.9899,0.367335
2797.6614,1524.0605,0.367835
2801.6614,1526.1313,0.368335
2796.9946,1528.202,0.368835
2800.9946,1530.2728,0.369335
2795.328,1532.3435,0.369834
2795.328,1534.4142,0.370334
2799.328,1536.485,0.370834
2794.6614,1538.5557,0.371334
2797.6614,1540.6265,0.371833
2788.328,1542.6971,0.372333
2792.328,1544.768,0.372833
2799.328,1546.8386,0.373333
2798.6611,1548.9094,0.373833
2795.9946,1550.9801,0.374332
2792.328,1553.0509,0.374832
2793.328,1555.1216,0.375332
2788.6611,1557.1923,0.375832
2792.6611,1559.2631,0.376331
2793.6611,1561.3337,0.376831
2788.9946,1563.4045,0.377331
2786.328,1565.4752,0.377831
2789.328,1567.546,0.378331
2790.328,1569.6167,0.37883
2790.328,1571.6875,0.37933
2792.328,1573.7582,0.37983
2795.328,1575.829,0.38033
2797.328,1577.8997,0.380829
2800.328,1579.9703,0.381329
2803.328,1582.0411,0.381829
2804.328,1584.1118,0.382329
2809.328,1586.1826,0.382828
2810.328,1588.2533,0.383328
2814.328,1590.3241,0.383828
2808.6611,1592.3948,0.384328
2809.6611,1594.4656,0.384828
2810.6611,1596.5363,0.385327
2811.6611,1598.607,0.385827
2806.9946,1600.6777,0.386327
2810.9946,1602.7485,0.386827
2811.9946,1604.8192,0.387326
2813.9946,1606.8899,0.387826
2809.328,1608.9607,0.388326
2809.328,1611.0314,0.388826
2809.328,1613.1022,0.389326
2810.328,1615.1729,0.389825
2812.328,1617.2437,0.390325
2808.6611,1619.3143,0.390825
2809.6611,1621.3851,0.391325
2809.6611,1623.4558,0.391824
2810.6611,1625.5266,0.392324
2810.6611,1627.5973,0.392824
2811.6611,1629.668,0.393324
2814.6611,1631.7388,0.393824
2815.6611,1633.8094,0.394323
2809.9944,1635.8802,0.394823
2810.9944,1637.9509,0.395323
2811.9944,1640.0217,0.395823
2807.328,1642.0924,0.396322
2809.328,1644.1632,0.396822
2809.328,1646.2339,0.397322
2811.328,1648.3047,0.397822
2814.328,1650.3754,0.398322
2816.328,1652.446,0.398821
2816.328,1654.5168,0.399321
2818.328,1656.5875,0.399821
2820.328,1658.6583,0.400321
2821.328,1660.729,0.40082
2822.328,1662.7998,0.40132
2825.328,1664.8705,0.40182
2827.328,1666.9413,0.40232
2831.328,1669.012,0.40282
2833.328,1671.0828,0.403319
2839.328,1673.1534,0.403819
2843.328,1675.2241,0.404319
2844.328,1677.2949,0.404819
2847.328,1679.3656,0.405318
2848.328,1681.4364,0.405818
2850.328,1683.5071,0.406318
2852.328,1685.5779,0.406818
2854.328,1687.6486,0.407318
2855.328,1689.7194,0.407817
2856.328,1691.79,0.408317
2857.328,1693.8608,0.408817
2860.328,1695.9315,0.409317
2857.6611,1698.0023,0.409816
2852.9944,1700.073,0.410316
2852.9944,1702.1437,0.410816
2855.9944,1704.2145,0.411316
2858.9944,1706.2852,0.411816
2860.9944,1708.356,0.412315
2861.9944,1710.4266,0.412815
2863.9944,1712.4974,0.413315
2863.328,1714.5681,0.413815
2858.6611,1716.6389,0.414314
2861.6611,1718.7096,0.414814
2864.6611,1720.7804,0.415314
2867.6611,1722.8511,0.415814
2868.6611,1724.9218,0.416313
2868.6611,1726.9926,0.416813
2868.6611,1729.0632,0.417313
2869.6611,1731.134,0.417813
2872.6611,1733.2047,0.418313
2875.6611,1735.2755,0.418812
2876.6611,1737.3462,0.419312
2878.6611,1739.417,0.419812
2881.6611,1741.4877,0.420312
2882.6611,1743.5585,0.420811
2882.6611,1745.6292,0.421311
2886.6611,1747.6998,0.421811
2887.6611,1749.7706,0.422311
2888.6611,1751.8413,0.422811
2888.6611,1753.9121,0.42331
2888.6611,1755.9828,0.42381
2890.6611,1758.0536,0.42431
2891.6611,1760.1243,0.42481
2893.6611,1762.1951,0.425309
2893.6611,1764.2657,0.425809
2894.6611,1766.3365,0.426309
2898.6611,1768.4072,0.426809
2900.6611,1770.478,0.427309
2900.6611,1772.5487,0.427808
2895.9944,1774.6194,0.428308
2895.9944,1776.6902,0.428808
2896.9944,1778.7609,0.429308
2898.9944,1780.8317,0.429807
2899.9944,1782.9023,0.430307
2899.9944,1784.9731,0.430807
2899.9944,1787.0438,0.431307
2899.9944,1789.1146,0.431807
2891.6611,1791.1853,0.432306
2892.6611,1793.2561,0.432806
2894.6611,1795.3268,0.433306
2895.6611,1797.3975,0.433806
2896.6611,1799.4683,0.434305
2896.6611,1801.539,0.434805
2896.6611,1803.6097,0.435305
2897.6611,1805.6804,0.435805
2892.9944,1807.7512,0.436305
2894.9944,1809.8219,0.436804
2896.9944,1811.8927,0.437304
2897.9944,1813.9634,0.437804
2899.9944,1816.0342,0.438304
2901.9944,1818.1049,0.438803
2904.9944,1820.1755,0.439303
2906.9944,1822.2463,0.439803
2906.9944,1824.317,0.440303
2907.9944,1826.3878,0.440803
2910.9944,1828.4585,0.441302
2913.9944,1830.5293,0.441802
2908.328,1832.6,0.442302
2909.328,1834.6708,0.442802
2911.328,1836.7415,0.443301
2913.328,1838.8123,0.443801
2913.328,1840.8829,0.444301
2915.328,1842.9536,0.444801
2915.328,1845.0244,0.445301
2916.328,1847.0951,0.4458
2917.328,1849.1659,0.4463
2917.328,1851.2366,0.4468
2919.328,1853.3074,0.4473
2919.328,1855.378,0.447799
2921.328,1857.4489,0.448299
2921.328,1859.5195,0.448799
2923.328,1861.5903,0.449299
2924.328,1863.661,0.449798
2925.328,1865.7318,0.450298
2927.328,1867.8025,0.450798
2928.328,1869.8732,0.451298
2928.328,1871.944,0.451798
2929.328,1874.0146,0.452297
2930.328,1876.0854,0.452797
2931.328,1878.1561,0.453297
2933.328,1880.2269,0.453797
2933.328,1882.2976,0.454296
2935.328,1884.3684,0.454796
2935.328,1886.4391,0.455296
2938.328,1888.5099,0.455796
2939.328,1890.5806,0.456296
2941.328,1892.6512,0.456795
2942.328,1894.722,0.457295
2939.6611,1896.7927,0.457795
2939.6611,1898.8635,0.458295
2941.6611,1900.9342,0.458794
2942.6611,1903.005,0.459294
2945.6611,1905.0757,0.459794
2945.6611,1907.1465,0.460294
2946.6611,1909.2172,0.460794
2946.6611,1911.288,0.461293
2948.6611,1913.3586,0.461793
2951.6611,1915.4293,0.462293
2954.6611,1917.5001,0.462793
2955.6611,1919.5708,0.463292
2955.6611,1921.6416,0.463792
2955.6611,1923.7123,0.464292
2957.6611,1925.7831,0.464792
2958.6611,1927.8538,0.465292
2953.9944,1929.9246,0.465791
2948.3276,1931.9952,0.466291
2948.3276,1934.066,0.466791
2942.6611,1936.1367,0.467291
2942.6611,1938.2074,0.46779
2942.6611,1940.2782,0.46829
2944.6611,1942.3489,0.46879
2938.9944,1944.4197,0.46929
2939.9944,1946.4904,0.46979
2940.9944,1948.5612,0.470289
2941.9944,1950.6318,0.470789
2941.9944,1952.7026,0.471289
2942.9944,1954.7733,0.471789
2943.9944,1956.8441,0.472288
2944.9944,1958.9148,0.472788
2946.9944,1960.9856,0.473288
2948.9944,1963.0563,0.473788
2943.3276,1965.127,0.474288
2943.3276,1967.1978,0.474787
2944.3276,1969.2684,0.475287
2945.3276,1971.3392,0.475787
2947.3276,1973.4099,0.476287
2947.3276,1975.4807,0.476786
2947.3276,1977.5514,0.477286
2947.3276,1979.6222,0.477786
2948.3276,1981.6929,0.478286
2949.3276,1983.7637,0.478786
2944.6611,1985.8344,0.479285
2947.6611,1987.905,0.479785
2947.6611,1989.9758,0.480285
2947.6611,1992.0465,0.480785
2947.6611,1994.1173,0.481284
2947.6611,1996.188,0.481784
2949.6611,1998.2588,0.482284
2944.9944,2000.3295,0.482784
2944.9944,2002.4003,0.483283
2940.3276,2004.471,0.483783
2945.3276,2006.5417,0.484283
2947.3276,2008.6124,0.484783
2947.3276,2010.6831,0.485283
2949.3276,2012.7539,0.485782
2950.3276,2014.8246,0.486282
2957.3276,2016.8954,0.486782
2951.6611,2018.9661,0.487282
2951.6611,2021.0369,0.487781
2947.9944,2023.1075,0.488281
2947.9944,2025.1783,0.488781
2947.9944,2027.249,0.489281
2949.9944,2029.3198,0.489781
2951.9944,2031.3905,0.49028
2948.3276,2033.4613,0.49078
2950.3276,2035.532,0.49128
2951.3276,2037.6027,0.49178
2955.3276,2039.6735,0.492279
2955.3276,2041.7441,0.492779
2955.3276,2043.815,0.493279
2955.3276,2045.8856,0.493779
2956.3276,2047.9564,0.494279
2958.3276,2050.027,0.494778
2956.661,2052.098,0.495278
2957.661,2054.1687,0.495778
2947.3276,2056.2393,0.496278
2951.3276,2058.31,0.496777
2948.661,2060.3809,0.497277
2948.661,2062.4514,0.497777
2949.661,2064.5222,0.498277
2949.661,2066.593,0.498777
2951.661,2068.6638,0.499276
2953.661,2070.7344,0.499776
2953.661,2072.8052,0.500276
2955.661,2074.876,0.500776
2957.661,2076.9468,0.501275
2957.661,2079.0173,0.501775
2958.661,2081.0881,0.502275
2958.661,2083.159,0.502775
2959.661,2085.2295,0.503275
2962.661,2087.3003,0.503774
2965.661,2089.371,0.504274
2966.661,2091.442,0.504774
2966.661,2093.5125,0.505274
2966.661,2095.5833,0.505773
2966.661,2097.654,0.506273
2966.661,2099.7249,0.506773
2960.9944,2101.7954,0.507273
2961.9944,2103.8662,0.507773
2962.9944,2105.937,0.508272
2965.9944,2108.0076,0.508772
2968.9944,2110.0784,0.509272
2971.9944,2112.1492,0.509772
2971.9944,2114.22,0.510271
2971.9944,2116.2905,0.510771
2972.9944,2118.3613,0.511271
2973.9944,2120.4321,0.511771
2973.9944,2122.503,0.512271
2973.9944,2124.5735,0.51277
2975.9944,2126.6443,0.51327
2975.9944,2128.715,0.51377
2975.9944,2130.7856,0.51427
2975.9944,2132.8564,0.514769
2971.3276,2134.9272,0.515269
2973.3276,2136.998,0.515769
2968.661,2139.0686,0.516269
2969.661,2141.1394,0.516768
2969.661,2143.2102,0.517268
2969.661,2145.281,0.517768
2969.661,2147.3516,0.518268
2969.661,2149.4224,0.518768
2970.661,2151.4932,0.519267
2970.661,2153.564,0.519767
2973.661,2155.6345,0.520267
2974.661,2157.7053,0.520767
2974.661,2159.7761,0.521266
2975.661,2161.8467,0.521766
2976.661,2163.9175,0.522266
2977.661,2165.9883,0.522766
2971.9944,2168.059,0.523266
2971.9944,2170.1296,0.523765
2971.9944,2172.2004,0.524265
2972.9944,2174.2712,0.524765
2972.9944,2176.342,0.525265
2975.9944,2178.4126,0.525764
2976.9944,2180.4834,0.526264
2977.9944,2182.5542,0.526764
2978.9944,2184.6248,0.527264
2979.9944,2186.6956,0.527764
2979.9944,2188.7664,0.528263
2979.9944,2190.8372,0.528763
2979.9944,2192.9077,0.529263
2980.9944,2194.9785,0.529763
2980.9944,2197.0493,0.530262
2981.9944,2199.12,0.530762
2981.9944,2201.1907,0.531262
2981.9944,2203.2615,0.531762
2981.9944,2205.3323,0.532262
2982.9944,2207.4028,0.532761
2984.9944,2209.4736,0.533261
2984.3276,2211.5444,0.533761
2981.661,2213.6152,0.534261
2981.661,2215.6858,0.53476
2981.661,2217.7566,0.53526
2982.661,2219.8274,0.53576
2983.661,2221.8982,0.53626
2984.661,2223.9688,0.53676
2986.661,2226.0396,0.537259
2990.661,2228.1104,0.537759
2990.661,2230.181,0.538259
2990.661,2232.2517,0.538759
2991.661,2234.3225,0.539258
2992.661,2236.3933,0.539758
2993.661,2238.4639,0.540258
2995.661,2240.5347,0.540758
2995.661,2242.6055,0.541258
2998.661,2244.6763,0.541757
3000.661,2246.7468,0.542257
3001.661,2248.8176,0.542757
3002.661,2250.8884,0.543257
3005.661,2252.959,0.543756
3005.661,2255.0298,0.544256
3006.661,2257.1006,0.544756
3007.661,2259.1714,0.545256
3008.661,2261.242,0.545756
3009.661,2263.3127,0.546255
3003.9941,2265.3835,0.546755
3000.3276,2267.4543,0.547255
3001.3276,2269.525,0.547755
3001.3276,2271.5957,0.548254
3002.3276,2273.6665,0.548754
3002.3276,2275.737,0.549254
3002.3276,2277.8079,0.549754
3002.3276,2279.8787,0.550253
3002.3276,2281.9495,0.550753
3002.3276,2284.02,0.551253
3003.3276,2286.0908,0.551753
3004.3276,2288.1616,0.552253
3004.3276,2290.2324,0.552752
3004.3276,2292.303,0.553252
3004.3276,2294.3738,0.553752
3004.3276,2296.4446,0.554252
3004.3276,2298.5151,0.554751
3004.3276,2300.586,0.555251
3005.3276,2302.6567,0.555751
3005.3276,2304.7275,0.556251
3005.3276,2306.798,0.556751
3001.661,2308.869,0.55725
3001.661,2310.9397,0.55775
3001.661,2313.0105,0.55825
3002.661,2315.081,0.55875
3002.661,2317.1519,0.559249
3002.661,2319.2227,0.559749
2996.9941,2321.2932,0.560249
2996.9941,2323.364,0.560749
2996.9941,2325.4348,0.561249
2991.3276,2327.5056,0.561748
2991.3276,2329.5762,0.562248
2991.3276,2331.647,0.562748
2994.3276,2333.7178,0.563248
2988.661,2335.7886,0.563747
2989.661,2337.8591,0.564247
2989.661,2339.93,0.564747
2989.661,2342.0007,0.565247
2989.661,2344.0715,0.565747
2990.661,2346.142,0.566246
2991.661,2348.213,0.566746
2992.661,2350.2837,0.567246
2993.661,2352.3542,0.567746
2993.661,2354.425,0.568245
2993.661,2356.4958,0.568745
2993.661,2358.5667,0.569245
2993.661,2360.6372,0.569745
2993.661,2362.708,0.570245
2993.661,2364.7788,0.570744
2994.661,2366.8496,0.571244
2994.661,2368.9202,0.571744
2996.661,2370.991,0.572244
2997.661,2373.0618,0.572743
2997.661,2375.1323,0.573243
2997.661,2377.2031,0.573743
2998.661,2379.274,0.574243
2998.661,2381.3447,0.574743
2998.661,2383.4153,0.575242
2999.661,2385.486,0.575742
2999.661,2387.557,0.576242
3000.661,2389.6277,0.576742
3001.661,2391.6982,0.577241
3002.661,2393.769,0.577741
3003.661,2395.8398,0.578241
3003.661,2397.9104,0.578741
3003.661,2399.9812,0.579241
3003.661,2402.052,0.57974
3003.661,2404.1228,0.58024
2999.9941,2406.1934,0.58074
2999.9941,2408.2642,0.58124
3000.9941,2410.335,0.581739
3000.9941,2412.4058,0.582239
3001.9941,2414.4763,0.582739
3001.9941,2416.547,0.583239
3001.9941,2418.618,0.583738
3001.9941,2420.6885,0.584238
3002.9941,2422.7593,0.584738
3002.9941,2424.83,0.585238
3002.9941,2426.901,0.585738
3002.9941,2428.9714,0.586237
3003.9941,2431.0422,0.586737
3004.9941,2433.113,0.587237
3004.9941,2435.1838,0.587737
3005.9941,2437.2544,0.588236
3005.9941,2439.3252,0.588736
3000.3276,2441.396,0.589236
3001.3276,2443.4666,0.589736
3001.3276,2445.5374,0.590236
3002.3276,2447.6082,0.590735
3002.3276,2449.679,0.591235
3002.3276,2451.7495,0.591735
3003.3276,2453.8203,0.592235
3003.3276,2455.891,0.592734
2997.661,2457.962,0.593234
2997.661,2460.0325,0.593734
2998.661,2462.1033,0.594234
2998.661,2464.174,0.594734
2998.661,2466.2446,0.595233
2999.661,2468.3154,0.595733
2999.661,2470.3862,0.596233
2999.661,2472.457,0.596733
3000.661,2474.5276,0.597232
2995.9941,2476.5984,0.597732
2995.9941,2478.6692,0.598232
2996.9941,2480.74,0.598732
2998.9941,2482.8105,0.599232
2999.9941,2484.8813,0.599731
2999.9941,2486.9521,0.600231
3001.9941,2489.0227,0.600731
2996.3276,2491.0935,0.601231
2997.3276,2493.1643,0.60173
2997.3276,2495.235,0.60223
2998.3276,2497.3057,0.60273
2998.3276,2499.3765,0.60323
2999.3276,2501.4473,0.60373
2994.661,2503.518,0.604229
2994.661,2505.5886,0.604729
2995.661,2507.6594,0.605229
2996.661,2509.7302,0.605729
2996.661,2511.801,0.606228
2997.661,2513.8716,0.606728
2998.661,2515.9424,0.607228
2998.661,2518.0132,0.607728
2998.661,2520.0837,0.608228
2999.661,2522.1545,0.608727
3001.661,2524.2253,0.609227
3001.661,2526.2961,0.609727
3003.661,2528.3667,0.610227
3003.661,2530.4375,0.610726
3004.661,2532.5083,0.611226
3005.661,2534.579,0.611726
3005.661,2536.6497,0.612226
3007.661,2538.7205,0.612726
3001.9941,2540.7913,0.613225
3001.9941,2542.8618,0.613725
3001.9941,2544.9326,0.614225
3001.9941,2547.0034,0.614725
3001.9941,2549.0742,0.615224
3002.9941,2551.1448,0.615724
3005.9941,2553.2156,0.616224
3005.9941,2555.2864,0.616724
3006.9941,2557.3572,0.617223
3006.9941,2559.4277,0.617723
3007.9941,2561.4985,0.618223
3008.9941,2563.5693,0.618723
3009.9941,2565.64,0.619223
3006.3274,2567.7107,0.619722
3006.3274,2569.7815,0.620222
3008.3274,2571.8523,0.620722
3008.3274,2573.9229,0.621222
3004.661,2575.9937,0.621721
3005.661,2578.0645,0.622221
3005.661,2580.1353,0.622721
2999.9941,2582.2058,0.623221
3001.9941,2584.2766,0.623721
3001.9941,2586.3474,0.62422
2996.3274,2588.418,0.62472
2996.3274,2590.4888,0.62522
2996.3274,2592.5596,0.62572
2998.3274,2594.6304,0.626219
2999.3274,2596.701,0.626719
2999.3274,2598.7717,0.627219
3000.3274,2600.8425,0.627719
3001.3274,2602.9133,0.628219
3001.3274,2604.984,0.628718
3002.3274,2607.0547,0.629218
3002.3274,2609.1255,0.629718
3003.3274,2611.196,0.630218
2998.661,2613.2668,0.630717
2998.661,2615.3376,0.631217
2998.661,2617.4084,0.631717
2998.661,2619.479,0.632217
3001.661,2621.5498,0.632717
3002.661,2623.6206,0.633216
3002.661,2625.6914,0.633716
3003.661,2627.762,0.634216
3006.661,2629.8328,0.634716
3007.661,2631.9036,0.635215
3008.661,2633.974,0.635715
3008.661,2636.045,0.636215
3009.661,2638.1157,0.636715
3009.661,2640.1865,0.637215
3009.661,2642.257,0.637714
3009.661,2644.328,0.638214
3010.661,2646.3987,0.638714
3010.661,2648.4695,0.639214
3011.661,2650.54,0.639713
3012.661,2652.6108,0.640213
3014.661,2654.6816,0.640713
3014.661,2656.7522,0.641213
3015.661,2658.823,0.641713
3015.661,2660.8938,0.642212
3016.661,2662.9646,0.642712
3016.661,2665.0352,0.643212
3017.661,2667.106,0.643712
3017.661,2669.1768,0.644211
3017.661,2671.2476,0.644711
3018.661,2673.318,0.645211
3018.661,2675.389,0.645711
3020.661,2677.4597,0.646211
3014.9941,2679.5305,0.64671
3015.9941,2681.601,0.64721
3015.9941,2683.6719,0.64771
3015.9941,2685.7427,0.64821
3016.9941,2687.8132,0.648709
3017.9941,2689.884,0.649209
3017.9941,2691.9548,0.649709
3020.9941,2694.0256,0.650209
3021.9941,2696.0962,0.650708
3022.9941,2698.167,0.651208
3022.9941,2700.2378,0.651708
3022.9941,2702.3086,0.652208
3022.9941,2704.3792,0.652708
3022.9941,2706.45,0.653207
3023.9941,2708.5208,0.653707
3023.9941,2710.5913,0.654207
3023.9941,2712.662,0.654707
3023.9941,2714.733,0.655206
3023.9941,2716.8037,0.655706
3023.9941,2718.8743,0.656206
3023.9941,2720.945,0.656706
3023.9941,2723.0159,0.657206
3023.9941,2725.0867,0.657705
3023.9941,2727.1572,0.658205
3024.9941,2729.228,0.658705
3024.9941,2731.2988,0.659205
3025.9941,2733.3694,0.659704
3025.9941,2735.4402,0.660204
3025.9941,2737.511,0.660704
3026.9941,2739.5818,0.661204
3028.9941,2741.6523,0.661704
3028.9941,2743.7231,0.662203
3029.9941,2745.794,0.662703
3032.9941,2747.8647,0.663203
3032.9941,2749.9353,0.663703
3032.9941,2752.006,0.664202
3033.9941,2754.077,0.664702
3033.9941,2756.1475,0.665202
3033.9941,2758.2183,0.665702
3033.9941,2760.289,0.666202
3035.9941,2762.3599,0.666701
3036.9941,2764.4304,0.667201
3038.9941,2766.5012,0.667701
3038.9941,2768.572,0.668201
3038.9941,2770.6428,0.6687
3038.9941,2772.7134,0.6692
3039.9941,2774.7842,0.6697
3040.9941,2776.855,0.6702
3040.9941,2778.9255,0.6707
3041.9941,2780.9963,0.671199
3044.9941,2783.0671,0.671699
3044.9941,2785.138,0.672199
3045.9941,2787.2085,0.672699
3045.9941,2789.2793,0.673198
3045.9941,2791.35,0.673698
3045.9941,2793.421,0.674198
3047.9941,2795.4915,0.674698
3047.9941,2797.5623,0.675198
3047.9941,2799.633,0.675697
3047.9941,2801.7036,0.676197
3048.9941,2803.7744,0.676697
3048.9941,2805.8452,0.677197
3048.9941,2807.916,0.677696
3043.3274,2809.9866,0.678196
3043.3274,2812.0574,0.678696
3045.3274,2814.1282,0.679196
3045.3274,2816.199,0.679695
3047.3274,2818.2695,0.680195
3047.3274,2820.3403,0.680695
3048.3274,2822.4111,0.681195
3049.3274,2824.4817,0.681695
3051.3274,2826.5525,0.682194
3047.661,2828.6233,0.682694
3047.661,2830.694,0.683194
3049.661,2832.7646,0.683694
3050.661,2834.8354,0.684193
3051.661,2836.9062,0.684693
3053.661,2838.977,0.685193
3053.661,2841.0476,0.685693
3053.661,2843.1184,0.686193
3053.661,2845.1892,0.686692
3054.661,2847.26,0.687192
3054.661,2849.3306,0.687692
3057.661,2851.4014,0.688192
3057.661,2853.4722,0.688691
3057.661,2855.5427,0.689191
3058.661,2857.6135,0.689691
3054.9941,2859.6843,0.690191
3056.9941,2861.7551,0.690691
3059.9941,2863.8257,0.69119
3060.9941,2865.8965,0.69169
3063.9941,2867.9673,0.69219
3066.9941,2870.038,0.69269
3066.9941,2872.1086,0.693189
3068.9941,2874.1794,0.693689
3069.9941,2876.2502,0.694189
3069.9941,2878.3208,0.694689
3070.9941,2880.3916,0.695189
3071.9941,2882.4624,0.695688
3074.9941,2884.5332,0.696188
3076.9941,2886.6038,0.696688
3077.9941,2888.6746,0.697188
3075.3274,2890.7454,0.697687
3079.3274,2892.8162,0.698187
3080.3274,2894.8867,0.698687
3082.3274,2896.9575,0.699187
3083.3274,2899.0283,0.699687
3085.3274,2901.0989,0.700186
3087.3274,2903.1697,0.700686
3087.3274,2905.2405,0.701186
3087.3274,2907.3113,0.701686
3087.3274,2909.3818,0.702185
3081.6606,2911.4526,0.702685
3082.6606,2913.5234,0.703185
3082.6606,2915.5942,0.703685
3082.6606,2917.6648,0.704185
3083.6606,2919.7356,0.704684
3088.6606,2921.8064,0.705184
3092.6606,2923.877,0.705684
3096.6606,2925.9478,0.706184
3098.6606,2928.0186,0.706683
3098.6606,2930.0894,0.707183
3098.6606,2932.16,0.707683
3100.6606,2934.2307,0.708183
3100.6606,2936.3015,0.708683
3095.9941,2938.3723,0.709182
3092.3274,2940.4429,0.709682
3093.3274,2942.5137,0.710182
3094.3274,2944.5845,0.710682
3097.3274,2946.655,0.711181
3097.3274,2948.7258,0.711681
3098.3274,2950.7966,0.712181
3098.3274,2952.8674,0.712681
3098.3274,2954.938,0.71318
3099.3274,2957.0088,0.71368
3099.3274,2959.0796,0.71418
3099.3274,2961.1504,0.71468
3100.3274,2963.221,0.71518
3101.3274,2965.2917,0.715679
3101.3274,2967.3625,0.716179
3103.3274,2969.433,0.716679
3105.3274,2971.504,0.717179
3106.3274,2973.5747,0.717678
3106.3274,2975.6455,0.718178
3101.6606,2977.716,0.718678
3101.6606,2979.7869,0.719178
3102.6606,2981.8577,0.719678
3102.6606,2983.9285,0.720177
3102.6606,2985.999,0.720677
3103.6606,2988.0698,0.721177
3103.6606,2990.1406,0.721677
3105.6606,2992.2112,0.722176
3105.6606,2994.282,0.722676
3105.6606,2996.3528,0.723176
3105.6606,2998.4236,0.723676
3099.9941,3000.4941,0.724176
3094.3274,3002.565,0.724675
3094.3274,3004.6357,0.725175
3095.3274,3006.7065,0.725675
3095.3274,3008.777,0.726175
3095.3274,3010.848,0.726674
3096.3274,3012.9187,0.727174
3092.6606,3014.9895,0.727674
3093.6606,3017.06,0.728174
3093.6606,3019.1309,0.728674
3087.9941,3021.2017,0.729173
3087.9941,3023.2722,0.729673
3088.9941,3025.343,0.730173
3087.3274,3027.4138,0.730673
3090.3274,3029.4846,0.731172
3086.6606,3031.5552,0.731672
3080.994,3033.626,0.732172
3081.994,3035.6968,0.732672
3083.994,3037.7676,0.733172
3084.994,3039.8381,0.733671
3086.994,3041.909,0.734171
3076.6606,3043.9797,0.734671
3072.994,3046.0503,0.735171
3068.3274,3048.121,0.73567
3070.3274,3050.192,0.73617
3072.3274,3052.2627,0.73667
3073.3274,3054.3333,0.73717
3076.3274,3056.404,0.73767
3078.3274,3058.4749,0.738169
3083.3274,3060.5457,0.738669
3084.3274,3062.6162,0.739169
3079.6606,3064.687,0.739669
3079.6606,3066.7578,0.740168
3081.6606,3068.8284,0.740668
3088.6606,3070.8992,0.741168
3091.6606,3072.97,0.741668
3094.6606,3075.0408,0.742168
3099.6606,3077.1113,0.742667
3099.994,3079.1821,0.743167
3104.994,3081.253,0.743667
3106.994,3083.3237,0.744167
3107.994,3085.3943,0.744666
3108.994,3087.465,0.745166
3110.994,3089.536,0.745666
3116.994,3091.6064,0.746166
3121.994,3093.6772,0.746665
3126.994,3095.748,0.747165
3130.994,3097.8188,0.747665
3132.994,3099.8894,0.748165
3136.994,3101.9602,0.748665
3133.3274,3104.031,0.749164
3135.6606,3106.1018,0.749664
3141.6606,3108.1724,0.750164
3144.6606,3110.2432,0.750664
3140.994,3112.314,0.751163
3141.994,3114.3845,0.751663
3147.994,3116.4553,0.752163
3148.994,3118.5261,0.752663
3151.994,3120.597,0.753163
3150.3274,3122.6675,0.753662
3140.994,3124.7383,0.754162
3146.994,3126.809,0.754662
3154.994,3128.88,0.755162
3159.3271,3130.9504,0.755661
3144.3271,3133.0212,0.756161
3138.994,3135.092,0.756661
3144.994,3137.1626,0.757161
3145.994,3139.2334,0.757661
3146.994,3141.3042,0.75816
3152.994,3143.375,0.75866
3153.3271,3145.4456,0.75916
3150.6606,3147.5164,0.75966
3148.994,3149.5872,0.760159
3150.994,3151.658,0.760659
3154.994,3153.7285,0.761159
3156.3271,3155.7993,0.761659
3163.3271,3157.87,0.762159
3171.3271,3159.9407,0.762658
3176.3271,3162.0115,0.763158
3182.3271,3164.0823,0.763658
3186.3271,3166.153,0.764158
3192.3271,3168.2236,0.764657
3195.3271,3170.2944,0.765157
3199.3271,3172.3652,0.765657
3195.6604,3174.436,0.766157
3198.6604,3176.5066,0.766657
3197.994,3178.5774,0.767156
3189.6604,3180.6482,0.767656
3195.6604,3182.7188,0.768156
3198.6604,3184.7896,0.768656
3202.6604,3186.8604,0.769155
3193.3271,3188.9312,0.769655
3197.3271,3191.0017,0.770155
3202.3271,3193.0725,0.770655
3195.994,3195.1433,0.771155
3198.994,3197.214,0.771654
3207.994,3199.2847,0.772154
3211.994,3201.3555,0.772654
3220.994,3203.4263,0.773154
3226.994,3205.497,0.773653
3233.994,3207.5676,0.774153
3238.994,3209.6384,0.774653
3244.994,3211.7092,0.775153
3254.994,3213.7798,0.775653
3247.6604,3215.8506,0.776152
3244.9937,3217.9214,0.776652
3250.9937,3219.9922,0.777152
3253.3271,3222.0627,0.777652
3253.6604,3224.1335,0.778151
3252.9937,3226.2043,0.778651
3252.3271,3228.2751,0.779151
3251.6604,3230.3457,0.779651
3253.6604,3232.4165,0.78015
3251.9937,3234.4873,0.78065
3242.6604,3236.5579,0.78115
3249.6604,3238.6287,0.78165
3259.6604,3240.6995,0.78215
3251.3271,3242.7703,0.782649
3254.3271,3244.8408,0.783149
3246.9937,3246.9116,0.783649
3249.9937,3248.9824,0.784149
3256.9937,3251.0532,0.784648
3254.327,3253.1238,0.785148
3256.327,3255.1946,0.785648
3262.6604,3257.2654,0.786148
3264.6604,3259.336,0.786648
3256.327,3261.4067,0.787147
3254.6604,3263.4775,0.787647
3253.9937,3265.5483,0.788147
3256.9937,3267.619,0.788647
3263.9937,3269.6897,0.789146
3256.6604,3271.7605,0.789646
3254.9937,3273.8313,0.790146
3250.327,3275.9019,0.790646
3252.327,3277.9727,0.791146
3257.327,3280.0435,0.791645
3259.327,3282.114,0.792145
3267.327,3284.1848,0.792645
3274.327,3286.2556,0.793145
3278.327,3288.3264,0.793644
3278.6602,3290.397,0.794144
3281.6602,3292.4678,0.794644
3276.327,3294.5386,0.795144
3282.327,3296.6094,0.795644
3288.327,3298.68,0.796143
3285.6602,3300.7507,0.796643
3290.6602,3302.8215,0.797143
3289.9937,3304.892,0.797643
3293.9937,3306.963,0.798142
3291.327,3309.0337,0.798642
3293.6602,3311.1045,0.799142
3299.6602,3313.175,0.799642
3303.6602,3315.2458,0.800142
3308.6602,3317.3167,0.800641
3316.6602,3319.3875,0.801141
3322.6602,3321.458,0.801641
3325.6602,3323.5288,0.802141
3318.327,3325.5996,0.80264
3315.6602,3327.6702,0.80314
3323.6602,3329.741,0.80364
3320.9934,3331.8118,0.80414
3327.9934,3333.8826,0.80464
3333.327,3335.9531,0.805139
3335.327,3338.024,0.805639
3343.327,3340.0947,0.806139
3330.327,3342.1655,0.806639
3332.327,3344.236,0.807138
3322.327,3346.307,0.807638
3327.327,3348.3777,0.808138
3333.327,3350.4482,0.808638
3330.6602,3352.519,0.809138
3340.6602,3354.5898,0.809637
3344.6602,3356.6606,0.810137
3346.9934,3358.7312,0.810637
3336.9934,3360.802,0.811137
3340.9934,3362.8728,0.811636
3338.3267,3364.9436,0.812136
3339.6602,3367.0142,0.812636
3341.9934,3369.085,0.813136
3331.6602,3371.1558,0.813635
3337.6602,3373.2266,0.814135
3339.6602,3375.297,0.814635
3342.9934,3377.368,0.815135
3335.6602,3379.4387,0.815635
3344.6602,3381.5093,0.816134
3349.6602,3383.58,0.816634
3357.6602,3385.651,0.817134
3356.9934,3387.7217,0.817634
3358.9934,3389.7922,0.818133
3365.9934,3391.863,0.818633
3362.66,3393.9338,0.819133
3370.66,3396.0046,0.819633
3375.66,3398.0752,0.820133
3379.66,3400.146,0.820632
3377.9934,3402.2168,0.821132
3380.9934,3404.2874,0.821632
3384.9934,3406.3582,0.822132
3388.9934,3408.429,0.822631
3385.66,3410.4998,0.823131
3381.9934,3412.5703,0.823631
3393.9934,3414.641,0.824131
3397.9934,3416.712,0.824631
3397.3267,3418.7827,0.82513
3400.3267,3420.8533,0.82563
3406.66,3422.924,0.82613
3409.9934,3424.9949,0.82663
3415.3267,3427.0654,0.827129
3406.9932,3429.1362,0.827629
3408.9932,3431.207,0.828129
3414.9932,3433.2778,0.828629
3414.3267,3435.3484,0.829129
3412.66,3437.4192,0.829628
3405.3267,3439.49,0.830128
3411.3267,3441.5608,0.830628
3418.3267,3443.6313,0.831128
3423.3267,3445.7021,0.831627
3425.3267,3447.773,0.832127
3429.3267,3449.8435,0.832627
3426.66,3451.9143,0.833127
3431.66,3453.985,0.833627
3430.9932,3456.056,0.834126
3433.9932,3458.1265,0.834626
3429.66,3460.1973,0.835126
3435.66,3462.268,0.835626
3436.9932,3464.3389,0.836125
3439.9932,3466.4094,0.836625
3447.9932,3468.4802,0.837125
3447.3264,3470.551,0.837625
3451.3264,3472.6216,0.838125
3453.66,3474.6924,0.838624
3459.66,3476.7632,0.839124
3461.66,3478.834,0.839624
3466.66,3480.9045,0.840124
3473.66,3482.9753,0.840623
3478.66,3485.0461,0.841123
3485.66,3487.117,0.841623
3479.3264,3489.1875,0.842123
3490.3264,3491.2583,0.842623
3481.9932,3493.329,0.843122
3480.3264,3495.3997,0.843622
3469.3264,3497.4705,0.844122
3473.3264,3499.5413,0.844622
3470.66,3501.612,0.845121
3473.66,3503.6826,0.845621
3479.66,3505.7534,0.846121
3477.9932,3507.8242,0.846621
3487.9932,3509.895,0.84712
3486.3264,3511.9656,0.84762
3490.3264,3514.0364,0.84812
3488.6597,3516.1072,0.84862
3488.9932,3518.1777,0.84912
3494.9932,3520.2485,0.849619
3500.9932,3522.3193,0.850119
3497.3264,3524.3901,0.850619
3495.6597,3526.4607,0.851119
3490.9932,3528.5315,0.851618
3498.9932,3530.6023,0.852118
3494.6597,3532.673,0.852618
3501.6597,3534.7437,0.853118
3508.6597,3536.8145,0.853618
3515.6597,3538.8853,0.854117
3522.6597,3540.956,0.854617
3506.993,3543.0266,0.855117
3510.3264,3545.0974,0.855617
3519.3264,3547.1682,0.856116
3531.3264,3549.2388,0.856616
3521.3264,3551.3096,0.857116
3527.3264,3553.3804,0.857616
3526.6597,3555.4512,0.858116
3518.3264,3557.5217,0.858615
3525.3264,3559.5925,0.859115
3526.6597,3561.6633,0.859615
3533.6597,3563.7341,0.860115
3540.6597,3565.8047,0.860614
3539.3262,3567.8755,0.861114
3542.3262,3569.9463,0.861614
3545.3262,3572.0168,0.862114
3551.3262,3574.0876,0.862614
3552.6597,3576.1584,0.863113
3546.3262,3578.2292,0.863613
3555.3262,3580.2998,0.864113
3558.6597,3582.3706,0.864613
3563.6597,3584.4414,0.865112
3567.6597,3586.5122,0.865612
3565.3262,3588.5828,0.866112
3574.3262,3590.6536,0.866612
3575.6597,3592.7244,0.867112
3579.6597,3594.795,0.867611
3575.993,3596.8657,0.868111
3583.993,3598.9365,0.868611
3587.993,3601.0073,0.869111
3594.993,3603.078,0.86961
3592.3262,3605.1487,0.87011
3599.3262,3607.2195,0.87061
3605.3262,3609.2903,0.87111
3598.3262,3611.3608,0.87161
3589.993,3613.4316,0.872109
3592.993,3615.5024,0.872609
3593.3262,3617.573,0.873109
3604.3262,3619.6438,0.873609
3611.3262,3621.7146,0.874108
3610.6594,3623.7854,0.874608
3616.6594,3625.856,0.875108
3611.3262,3627.9268,0.875608
3597.3262,3629.9976,0.876108
3596.6594,3632.0684,0.876607
3601.6594,3634.139,0.877107
3602.9927,3636.2097,0.877607
3608.3262,3638.2805,0.878107
3609.6594,3640.351,0.878606
3606.9927,3642.4219,0.879106
3611.9927,3644.4927,0.879606
3589.6594,3646.5635,0.880106
3586.326,3648.634,0.880605
3592.326,3650.7048,0.881105
3592.6594,3652.7756,0.881605
3597.6594,3654.8464,0.882105
3598.326,3656.917,0.882605
3603.326,3658.9878,0.883104
3609.326,3661.0586,0.883604
3617.326,3663.1292,0.884104
3611.6594,3665.2,0.884604
3614.9927,3667.2708,0.885103
3619.9927,3669.3416,0.885603
3623.9927,3671.412,0.886103
3631.9927,3673.483,0.886603
3632.326,3675.5537,0.887103
3643.326,3677.6245,0.887602
3650.326,3679.695,0.888102
3661.326,3681.7659,0.888602
3659.9927,3683.8367,0.889102
3660.9927,3685.9072,0.889601
3658.326,3687.978,0.890101
3664.326,3690.0488,0.890601
3666.326,3692.1196,0.891101
3678.326,3694.1902,0.891601
3685.326,3696.261,0.8921
3692.326,3698.3318,0.8926
3700.326,3700.4026,0.8931
3708.326,3702.4731,0.8936
3707.6594,3704.544,0.894099
3703.326,3706.6147,0.894599
3708.326,3708.6855,0.895099
3710.6592,3710.756,0.895599
3711.9927,3712.827,0.896099
3705.6592,3714.8977,0.896598
3704.9927,3716.9683,0.897098
3704.6592,3719.039,0.897598
3709.9927,3721.1099,0.898098
3704.6592,3723.1807,0.898597
3682.326,3725.2512,0.899097
3686.326,3727.322,0.899597
3693.326,3729.3928,0.900097
3695.6592,3731.4636,0.900597
3696.9924,3733.5342,0.901096
3711.9924,3735.605,0.901596
3716.326,3737.6758,0.902096
3724.326,3739.7463,0.902596
3734.326,3741.8171,0.903095
3743.326,3743.888,0.903595
3736.9924,3745.9587,0.904095
3743.9924,3748.0293,0.904595
3753.3257,3750.1,0.905095
3761.3257,3752.171,0.905594
3771.3257,3754.2417,0.906094
3777.3257,3756.3123,0.906594
3776.6592,3758.383,0.907094
3770.3257,3760.4539,0.907593
3780.3257,3762.5244,0.908093
3775.6592,3764.5952,0.908593
3780.6592,3766.666,0.909093
3783.9924,3768.7368,0.909593
3792.9924,3770.8074,0.910092
3792.6592,3772.8782,0.910592
3779.6592,3774.949,0.911092
3785.6592,3777.0198,0.911592
3794.6592,3779.0903,0.912091
3806.6592,3781.1611,0.912591
3814.6592,3783.232,0.913091
3817.6592,3785.3025,0.913591
3813.3257,3787.3733,0.91409
3809.9924,3789.444,0.91459
3804.659,3791.515,0.91509
3808.659,3793.5854,0.91559
3807.3257,3795.6562,0.91609
3805.9924,3797.727,0.916589
3799.659,3799.7979,0.917089
3802.9922,3801.8684,0.917589
3800.3257,3803.9392,0.918089
3797.9922,3806.01,0.918588
3804.9922,3808.0806,0.919088
3815.9922,3810.1514,0.919588
3825.9922,3812.2222,0.920088
3833.9922,3814.293,0.920588
3840.9922,3816.3635,0.921087
3834.659,3818.4343,0.921587
3832.659,3820.5051,0.922087
3820.659,3822.576,0.922587
3830.659,3824.6465,0.923086
3834.9922,3826.7173,0.923586
3841.9922,3828.788,0.924086
3854.9922,3830.8586,0.924586
3856.3254,3832.9294,0.925086
3836.9922,3835.0002,0.925585
3844.9922,3837.071,0.926085
3848.3254,3839.1416,0.926585
3854.659,3841.2124,0.927085
3856.9922,3843.2832,0.927584
3864.9922,3845.354,0.928084
3860.6587,3847.4246,0.928584
3848.6587,3849.4954,0.929084
3849.9922,3851.5662,0.929584
3851.3254,3853.6367,0.930083
3849.6587,3855.7075,0.930583
3859.6587,3857.7783,0.931083
3863.9922,3859.849,0.931583
3874.9922,3861.9197,0.932082
3876.9922,3863.9905,0.932582
3868.992,3866.0613,0.933082
3867.3254,3868.132,0.933582
3874.6587,3870.2026,0.934082
3853.3254,3872.2734,0.934581
3848.992,3874.3442,0.935081
3853.992,3876.415,0.935581
3850.6587,3878.4856,0.936081
3847.3252,3880.5564,0.93658
3853.3252,3882.6272,0.93708
3861.3252,3884.6978,0.93758
3855.992,3886.7686,0.93808
3868.992,3888.8394,0.93858
3878.992,3890.9102,0.939079
3888.992,3892.9807,0.939579
3898.992,3895.0515,0.940079
3907.992,3897.1223,0.940579
3916.992,3899.193,0.941078
3918.3252,3901.2637,0.941578
3929.3252,3903.3345,0.942078
3941.3252,3905.4053,0.942578
3955.3252,3907.4758,0.943078
3963.3252,3909.5466,0.943577
3958.992,3911.6174,0.944077
3966.992,3913.6882,0.944577
3977.992,3915.7588,0.945077
3984.992,3917.8296,0.945576
3987.3252,3919.9004,0.946076
3991.6587,3921.9712,0.946576
3992.992,3924.0417,0.947076
3999.992,3926.1125,0.947575
4011.992,3928.1833,0.948075
4004.6584,3930.254,0.948575
4005.992,3932.3247,0.949075
4004.3252,3934.3955,0.949575
4013.3252,3936.4663,0.950074
4016.6584,3938.5369,0.950574
4013.3252,3940.6077,0.951074
4025.3252,3942.6785,0.951574
4034.3252,3944.7493,0.952073
4029.992,3946.8198,0.952573
4034.3252,3948.8906,0.953073
4036.6584,3950.9614,0.953573
4037.3252,3953.032,0.954073
4027.6584,3955.1028,0.954572
4035.6584,3957.1736,0.955072
4038.9917,3959.2444,0.955572
4041.3252,3961.315,0.956072
4041.6584,3963.3857,0.956571
4037.325,3965.4565,0.957071
4030.325,3967.5273,0.957571
4040.325,3969.598,0.958071
4048.6584,3971.6687,0.958571
4046.9917,3973.7395,0.95907
4047.325,3975.81,0.95957
4052.6584,3977.8809,0.96007
4045.6584,3979.9517,0.96057
4051.6584,3982.0225,0.961069
4063.6584,3984.093,0.961569
4062.325,3986.1638,0.962069
4059.9917,3988.2346,0.962569
4069.9917,3990.3054,0.963069
4064.6582,3992.376,0.963568
4067.9917,3994.4468,0.964068
4074.325,3996.5176,0.964568
4064.325,3998.5881,0.965068
4056.9915,4000.659,0.965567
4064.9915,4002.7297,0.966067
4040.6582,4004.8005,0.966567
4051.6582,4006.871,0.967067
4054.9915,4008.942,0.967567
4058.325,4011.0127,0.968066
4056.9915,4013.0835,0.968566
4058.3247,4015.154,0.969066
4069.3247,4017.2249,0.969566
4078.6582,4019.2957,0.970065
4086.6582,4021.3662,0.970565
4082.3247,4023.437,0.971065
4073.3247,4025.5078,0.971565
4073.6582,4027.5786,0.972065
4076.3247,4029.6492,0.972564
4078.6582,4031.72,0.973064
4087.6582,4033.7908,0.973564
4094.9915,4035.8616,0.974064
4092.658,4037.9321,0.974563
4102.658,4040.003,0.975063
4101.658,4042.0737,0.975563
4090.658,4044.1443,0.976063
4093.9915,4046.215,0.976563
4101.3247,4048.286,0.977062
4098.991,4050.3567,0.977562
4103.991,4052.4272,0.978062
4103.3247,4054.498,0.978562
4096.991,4056.5688,0.979061
4093.658,4058.6396,0.979561
4097.991,4060.7102,0.980061
4102.991,4062.781,0.980561
4104.3247,4064.8518,0.98106
4103.6577,4066.9226,0.98156
4105.991,4068.9932,0.98206
4095.658,4071.064,0.98256
4090.3245,4073.1348,0.98306
4091.658,4075.2053,0.983559
4093.9912,4077.2761,0.984059
4088.658,4079.347,0.984559
4086.9912,4081.4177,0.985059
4084.658,4083.4883,0.985558
4078.3245,4085.559,0.986058
4072.9912,4087.63,0.986558
4078.9912,4089.7007,0.987058
4081.3245,4091.7712,0.987558
4083.6577,4093.842,0.988057
4073.6577,4095.9128,0.988557
4070.9912,4097.9834,0.989057
4080.9912,4100.054,0.989557
4089.9912,4102.125,0.990056
4085.6577,4104.196,0.990556
4071.6577,4106.2666,0.991056
4082.6577,4108.3374,0.991556
4079.991,4110.4077,0.992056
4086.991,4112.4785,0.992555
4080.6577,4114.5493,0.993055
4083.6577,4116.62,0.993555
4083.991,4118.691,0.994055
4094.991,4120.7617,0.994554
4092.3245,4122.8325,0.995054
4086.991,4124.903,0.995554
4099.991,4126.9736,0.996054
4107.991,4129.0444,0.996554
4104.6577,4131.115,0.997053
4118.6577,4133.186,0.997553
4127.6577,4135.257,0.998053
4128.991,4137.3276,0.998553
4133.6577,4139.3984,0.999052
4137.9907,4141.4688,0.999552
